customer_id,name,email,signup_date,device_type,country
1,Allison Hill,allison.hill.1@example.com,2025-08-30,mobile,United States
2,Noah Rhodes,noah.rhodes.2@example.com,2024-08-22,tablet,Canada
3,Angie Henderson,angie.henderson.3@example.com,2024-04-05,mobile,India
4,Daniel Wagner,daniel.wagner.4@example.com,2024-02-12,smart_tv,United States
5,Cristian Santos,cristian.santos.5@example.com,2023-12-15,mobile,Canada
6,Connie Lawrence,connie.lawrence.6@example.com,2024-07-10,mobile,India
7,Abigail Shaffer,abigail.shaffer.7@example.com,2024-06-05,smart_tv,Canada
8,Gina Moore,gina.moore.8@example.com,2025-02-16,desktop,United States
9,Gabrielle Davis,gabrielle.davis.9@example.com,2024-04-26,smart_tv,United Kingdom
10,Ryan Munoz,ryan.munoz.10@example.com,2024-08-25,tablet,Canada
11,Monica Herrera,monica.herrera.11@example.com,2024-10-24,mobile,United States
12,Jamie Arnold,jamie.arnold.12@example.com,2024-12-08,mobile,United Kingdom
13,Lisa Hensley,lisa.hensley.13@example.com,2024-11-01,desktop,United States
14,Michele Williams,michele.williams.14@example.com,2025-02-27,mobile,Australia
15,Dylan Miller,dylan.miller.15@example.com,2024-02-03,desktop,India
16,Brian Ramirez,brian.ramirez.16@example.com,2024-11-19,tablet,United States
17,Holly Wood,holly.wood.17@example.com,2023-12-31,tablet,United Kingdom
18,Derek Zuniga,derek.zuniga.18@example.com,2024-02-04,tablet,United States
19,Lisa Jackson,lisa.jackson.19@example.com,2024-12-08,desktop,Australia
20,Carla Gray,carla.gray.20@example.com,2025-08-26,desktop,Canada
21,Margaret Hawkins DDS,margaret.hawkins.dds.21@example.com,2024-11-28,desktop,Canada
22,Patty Perez,patty.perez.22@example.com,2025-10-01,desktop,United States
23,Ethan Adams,ethan.adams.23@example.com,2025-07-30,tablet,India
24,Tommy Walter,tommy.walter.24@example.com,2024-07-22,tablet,Australia
25,Matthew Foster,matthew.foster.25@example.com,2024-12-07,desktop,India
26,Judy Baker,judy.baker.26@example.com,2024-06-26,desktop,United States
27,Justin Baker,justin.baker.27@example.com,2024-07-06,mobile,United Kingdom
28,Stephanie Ross,stephanie.ross.28@example.com,2024-12-29,desktop,United States
29,Zachary Hicks,zachary.hicks.29@example.com,2024-06-18,desktop,Canada
30,Anthony Rodriguez,anthony.rodriguez.30@example.com,2025-09-16,smart_tv,Australia
31,Rebecca Henderson,rebecca.henderson.31@example.com,2025-09-03,smart_tv,Canada
32,James Ferrell,james.ferrell.32@example.com,2024-08-12,tablet,Canada
33,Tricia Valencia,tricia.valencia.33@example.com,2025-06-11,desktop,India
34,Nathan Maldonado,nathan.maldonado.34@example.com,2025-01-26,smart_tv,United Kingdom
35,Debra Davidson,debra.davidson.35@example.com,2024-06-26,tablet,India
36,Jeffrey Chavez,jeffrey.chavez.36@example.com,2025-04-03,mobile,United States
37,Sherri Baker,sherri.baker.37@example.com,2024-03-06,tablet,Canada
38,Cassandra Gaines,cassandra.gaines.38@example.com,2025-10-11,smart_tv,India
39,Elizabeth Fowler,elizabeth.fowler.39@example.com,2024-01-19,smart_tv,Australia
40,Brittany Farmer,brittany.farmer.40@example.com,2025-07-17,smart_tv,India
41,Paula Moreno,paula.moreno.41@example.com,2024-07-29,mobile,United States
42,Fred Smith,fred.smith.42@example.com,2025-10-13,desktop,United Kingdom
43,Sherry Decker,sherry.decker.43@example.com,2024-03-08,desktop,Australia
44,Anthony Humphrey,anthony.humphrey.44@example.com,2024-04-24,smart_tv,United States
45,Angelica Tucker,angelica.tucker.45@example.com,2024-08-10,tablet,India
46,Philip Cannon,philip.cannon.46@example.com,2024-03-02,desktop,India
47,John Pierce,john.pierce.47@example.com,2025-07-30,tablet,Canada
48,Shane Henderson,shane.henderson.48@example.com,2024-12-01,tablet,India
49,Joshua Blair,joshua.blair.49@example.com,2025-05-11,mobile,India
50,Eric Carney,eric.carney.50@example.com,2024-10-11,smart_tv,United States
51,Jessica Holmes,jessica.holmes.51@example.com,2024-03-08,desktop,United Kingdom
52,Danny Morgan,danny.morgan.52@example.com,2024-07-17,mobile,Canada
53,Crystal Robinson,crystal.robinson.53@example.com,2025-06-17,mobile,United States
54,Mark Perez,mark.perez.54@example.com,2025-03-26,mobile,India
55,Shannon Jones,shannon.jones.55@example.com,2024-03-22,tablet,Australia
56,Michael Lewis,michael.lewis.56@example.com,2025-05-30,tablet,United Kingdom
57,Timothy Duncan,timothy.duncan.57@example.com,2025-05-08,smart_tv,Canada
58,Richard Aguirre,richard.aguirre.58@example.com,2025-05-20,tablet,United Kingdom
59,Brent Jordan,brent.jordan.59@example.com,2024-12-27,desktop,Australia
60,John Daniel,john.daniel.60@example.com,2025-04-27,smart_tv,United States
61,Victoria Garcia,victoria.garcia.61@example.com,2024-07-25,tablet,United States
62,Gerald Hensley,gerald.hensley.62@example.com,2024-10-26,mobile,India
63,Connor West,connor.west.63@example.com,2025-06-04,tablet,India
64,Donald Wright,donald.wright.64@example.com,2024-06-27,mobile,United States
65,Jessica Callahan,jessica.callahan.65@example.com,2025-11-08,mobile,Canada
66,Amber Kidd,amber.kidd.66@example.com,2024-01-23,mobile,United Kingdom
67,Tracy House,tracy.house.67@example.com,2024-01-26,tablet,United Kingdom
68,Carol Tucker,carol.tucker.68@example.com,2025-09-30,smart_tv,Canada
69,James Brown,james.brown.69@example.com,2025-05-20,tablet,India
70,William Baker,william.baker.70@example.com,2025-06-27,smart_tv,Canada
71,Jordan Henderson,jordan.henderson.71@example.com,2025-03-13,smart_tv,Canada
72,Whitney Peters,whitney.peters.72@example.com,2024-02-19,mobile,Australia
73,Brittney Phillips,brittney.phillips.73@example.com,2024-11-11,smart_tv,Australia
74,Lauren Daniels,lauren.daniels.74@example.com,2025-03-07,mobile,United States
75,Amy Silva,amy.silva.75@example.com,2024-01-16,smart_tv,United Kingdom
76,Sarah Moore,sarah.moore.76@example.com,2024-03-05,tablet,Canada
77,Angela Lopez,angela.lopez.77@example.com,2024-05-27,smart_tv,Canada
78,Megan Young,megan.young.78@example.com,2025-01-20,tablet,United Kingdom
79,Steve Sanchez,steve.sanchez.79@example.com,2025-03-02,tablet,United States
80,Lisa Barnes,lisa.barnes.80@example.com,2025-02-10,mobile,United States
81,Kelly Donovan,kelly.donovan.81@example.com,2025-09-12,mobile,United States
82,Mike Allen,mike.allen.82@example.com,2024-07-14,tablet,Australia
83,Michael Evans,michael.evans.83@example.com,2025-03-26,smart_tv,Canada
84,Paul Jones,paul.jones.84@example.com,2024-12-29,mobile,Canada
85,Zachary Ferrell,zachary.ferrell.85@example.com,2024-12-07,mobile,Australia
86,Daniel Baker,daniel.baker.86@example.com,2024-08-12,smart_tv,United Kingdom
87,Shirley Suarez,shirley.suarez.87@example.com,2025-01-21,smart_tv,Canada
88,Christopher Bass,christopher.bass.88@example.com,2024-05-27,desktop,Canada
89,Lisa Archer,lisa.archer.89@example.com,2024-01-13,mobile,United Kingdom
90,Aimee Montoya,aimee.montoya.90@example.com,2024-01-12,mobile,India
91,Matthew Mcmillan,matthew.mcmillan.91@example.com,2025-03-17,tablet,United States
92,Brian Rodriguez,brian.rodriguez.92@example.com,2025-04-18,mobile,Canada
93,Denise Jacobs,denise.jacobs.93@example.com,2024-01-24,mobile,Canada
94,Christina Walters,christina.walters.94@example.com,2025-01-01,mobile,India
95,John Whitehead,john.whitehead.95@example.com,2024-07-24,mobile,India
96,Anna Henderson,anna.henderson.96@example.com,2024-02-06,smart_tv,India
97,Aaron Wise,aaron.wise.97@example.com,2025-06-15,desktop,United Kingdom
98,Deborah Figueroa,deborah.figueroa.98@example.com,2024-06-11,desktop,Canada
99,Jessica Smith,jessica.smith.99@example.com,2024-08-12,smart_tv,Canada
100,Stephen Mckee,stephen.mckee.100@example.com,2025-10-02,desktop,Australia
101,Sandra Aguilar,sandra.aguilar.101@example.com,2024-10-03,mobile,United States
102,Cameron Parker,cameron.parker.102@example.com,2025-02-26,mobile,United States
103,Rebecca Valencia,rebecca.valencia.103@example.com,2025-05-18,tablet,India
104,Christine Wright,christine.wright.104@example.com,2024-08-12,tablet,United Kingdom
105,Richard Henson,richard.henson.105@example.com,2024-01-24,tablet,United Kingdom
106,Marc Moore,marc.moore.106@example.com,2024-09-01,tablet,Australia
107,Sharon Cherry,sharon.cherry.107@example.com,2025-05-24,desktop,India
108,Sierra Johnson,sierra.johnson.108@example.com,2025-09-14,mobile,India
109,Evelyn Galvan,evelyn.galvan.109@example.com,2024-09-16,mobile,Canada
110,Sharon Cochran,sharon.cochran.110@example.com,2024-08-11,mobile,United States
111,Richard Rodriguez,richard.rodriguez.111@example.com,2025-06-03,tablet,United Kingdom
112,Shannon Walker,shannon.walker.112@example.com,2024-08-29,tablet,United Kingdom
113,Julia Torres,julia.torres.113@example.com,2024-06-10,desktop,India
114,Crystal Johnson,crystal.johnson.114@example.com,2025-03-29,desktop,United States
115,Garrett Lin,garrett.lin.115@example.com,2024-02-17,smart_tv,United Kingdom
116,Diana May,diana.may.116@example.com,2023-12-30,mobile,United Kingdom
117,William Herrera,william.herrera.117@example.com,2024-03-27,desktop,Canada
118,Ashley Waller,ashley.waller.118@example.com,2025-02-09,smart_tv,India
119,Victor Baker,victor.baker.119@example.com,2023-11-24,mobile,United States
120,Jeffrey Chandler,jeffrey.chandler.120@example.com,2025-10-22,tablet,India
121,Larry Dixon,larry.dixon.121@example.com,2023-12-21,desktop,India
122,Kenneth Scott,kenneth.scott.122@example.com,2025-06-02,tablet,Australia
123,April Frost,april.frost.123@example.com,2024-03-24,mobile,United Kingdom
124,Michelle Harmon,michelle.harmon.124@example.com,2024-11-22,mobile,United Kingdom
125,Helen Jones,helen.jones.125@example.com,2024-06-17,tablet,United States
126,Erin Edwards,erin.edwards.126@example.com,2024-11-11,smart_tv,India
127,Michelle Evans,michelle.evans.127@example.com,2024-04-21,tablet,Canada
128,Jason Powell,jason.powell.128@example.com,2024-05-14,smart_tv,United States
129,Cameron Fisher,cameron.fisher.129@example.com,2024-05-16,desktop,Australia
130,Megan Orr,megan.orr.130@example.com,2025-09-30,tablet,United Kingdom
131,Elizabeth Kelley,elizabeth.kelley.131@example.com,2024-04-26,mobile,Australia
132,Dustin Jordan,dustin.jordan.132@example.com,2023-12-24,smart_tv,Canada
133,Mary Marshall,mary.marshall.133@example.com,2024-06-06,smart_tv,United Kingdom
134,Daniel Kennedy,daniel.kennedy.134@example.com,2024-09-22,tablet,Canada
135,Rebecca Jackson,rebecca.jackson.135@example.com,2023-12-09,tablet,Australia
136,Jose Schultz,jose.schultz.136@example.com,2024-10-16,desktop,United States
137,Robert Potter,robert.potter.137@example.com,2024-08-26,desktop,India
138,Courtney Gonzalez,courtney.gonzalez.138@example.com,2024-12-28,desktop,United States
139,David Alvarez,david.alvarez.139@example.com,2024-03-12,desktop,Canada
140,Angel Perry,angel.perry.140@example.com,2025-07-01,desktop,United States
141,Cheyenne Horton,cheyenne.horton.141@example.com,2024-03-05,smart_tv,United Kingdom
142,David Douglas Jr.,david.douglas.jr..142@example.com,2024-10-01,smart_tv,India
143,Patricia Rodriguez,patricia.rodriguez.143@example.com,2025-04-21,mobile,Australia
144,Christopher Rubio,christopher.rubio.144@example.com,2025-06-27,tablet,United Kingdom
145,Amber Wright,amber.wright.145@example.com,2023-12-30,smart_tv,United States
146,Joyce Solis,joyce.solis.146@example.com,2025-04-30,tablet,United Kingdom
147,Victoria Larson,victoria.larson.147@example.com,2025-01-29,mobile,United Kingdom
148,Stephanie Salazar,stephanie.salazar.148@example.com,2025-08-14,desktop,United States
149,Kathy Rivas,kathy.rivas.149@example.com,2024-09-17,desktop,Australia
150,Stephanie Manning,stephanie.manning.150@example.com,2024-10-14,smart_tv,United Kingdom
151,David Wright,david.wright.151@example.com,2025-06-04,tablet,Canada
152,Pamela Boyd,pamela.boyd.152@example.com,2025-01-18,smart_tv,Canada
153,Denise Jones,denise.jones.153@example.com,2025-08-06,desktop,Australia
154,Devon Flores,devon.flores.154@example.com,2025-05-29,mobile,United Kingdom
155,Brenda Hall,brenda.hall.155@example.com,2024-09-03,tablet,Australia
156,Michelle Brown,michelle.brown.156@example.com,2025-06-30,desktop,Australia
157,Joshua Perry,joshua.perry.157@example.com,2025-02-09,smart_tv,Canada
158,Jason Stein,jason.stein.158@example.com,2025-04-21,smart_tv,Canada
159,Melissa Gates,melissa.gates.159@example.com,2025-09-19,mobile,United Kingdom
160,Jamie Smith,jamie.smith.160@example.com,2025-04-25,desktop,United States
161,Paul Castaneda,paul.castaneda.161@example.com,2024-07-12,desktop,Canada
162,Jennifer Adkins,jennifer.adkins.162@example.com,2024-06-05,tablet,United States
163,Lindsey Walker,lindsey.walker.163@example.com,2024-01-01,tablet,Australia
164,Jeffrey Johnson,jeffrey.johnson.164@example.com,2025-08-01,mobile,Australia
165,Michael Powell,michael.powell.165@example.com,2025-01-12,tablet,Australia
166,John Anderson,john.anderson.166@example.com,2025-04-04,smart_tv,Canada
167,Alyssa Long,alyssa.long.167@example.com,2024-04-14,mobile,United States
168,Alyssa Day,alyssa.day.168@example.com,2025-01-23,tablet,Canada
169,Joel Williams,joel.williams.169@example.com,2025-10-27,smart_tv,United States
170,Daniel Murphy,daniel.murphy.170@example.com,2025-06-07,tablet,United States
171,Jamie Walton,jamie.walton.171@example.com,2025-02-24,tablet,Australia
172,Darlene Miller,darlene.miller.172@example.com,2025-09-28,desktop,Australia
173,Joshua Cooke,joshua.cooke.173@example.com,2025-08-03,smart_tv,India
174,Matthew Harrington,matthew.harrington.174@example.com,2025-02-13,tablet,Australia
175,Nicole Herring,nicole.herring.175@example.com,2025-02-17,desktop,Canada
176,Alex Hernandez,alex.hernandez.176@example.com,2025-08-28,desktop,India
177,Michael Elliott,michael.elliott.177@example.com,2025-03-25,tablet,United Kingdom
178,Michael Wang,michael.wang.178@example.com,2025-02-07,mobile,United Kingdom
179,Lawrence Adkins,lawrence.adkins.179@example.com,2024-07-12,desktop,United Kingdom
180,Robert Oconnell,robert.oconnell.180@example.com,2024-10-07,mobile,Canada
181,Alexander Collins,alexander.collins.181@example.com,2024-04-17,tablet,Australia
182,Tina Sanders,tina.sanders.182@example.com,2025-10-25,tablet,Canada
183,Angela Vaughn,angela.vaughn.183@example.com,2024-01-19,smart_tv,Australia
184,Ashley Barton,ashley.barton.184@example.com,2024-10-18,smart_tv,Australia
185,Lindsay Martinez,lindsay.martinez.185@example.com,2024-01-17,tablet,Australia
186,Dr. Hannah Patterson,dr..hannah.patterson.186@example.com,2024-12-17,mobile,India
187,Jonathan Peterson,jonathan.peterson.187@example.com,2024-12-08,smart_tv,United States
188,Samantha Garcia,samantha.garcia.188@example.com,2024-11-09,desktop,Australia
189,Madison Poole,madison.poole.189@example.com,2025-01-17,tablet,Australia
190,Jessica Gross,jessica.gross.190@example.com,2024-06-26,desktop,Australia
191,Debra Morton,debra.morton.191@example.com,2025-03-26,mobile,Australia
192,Karen Graham,karen.graham.192@example.com,2024-10-24,smart_tv,Canada
193,Debra Christian,debra.christian.193@example.com,2025-03-07,tablet,India
194,Angelica Keith,angelica.keith.194@example.com,2025-05-14,mobile,Australia
195,John Bishop,john.bishop.195@example.com,2025-07-13,mobile,United States
196,Allen Rosales,allen.rosales.196@example.com,2025-09-03,smart_tv,Canada
197,Daniel Salinas,daniel.salinas.197@example.com,2025-03-01,tablet,United States
198,Spencer Haynes,spencer.haynes.198@example.com,2024-08-07,smart_tv,United Kingdom
199,Adam Vaughan,adam.vaughan.199@example.com,2024-06-18,smart_tv,United Kingdom
200,Nathan Freeman,nathan.freeman.200@example.com,2024-10-25,smart_tv,United Kingdom
201,Melissa Brewer,melissa.brewer.201@example.com,2025-01-19,desktop,United States
202,Ricky Davis II,ricky.davis.ii.202@example.com,2025-03-10,mobile,India
203,Elizabeth Perkins,elizabeth.perkins.203@example.com,2024-01-07,desktop,Canada
204,Joseph Coleman,joseph.coleman.204@example.com,2025-09-10,mobile,United States
205,Erin Warner,erin.warner.205@example.com,2023-12-16,tablet,Canada
206,David Martinez,david.martinez.206@example.com,2023-12-05,tablet,Canada
207,Bryan Herrera,bryan.herrera.207@example.com,2024-03-23,smart_tv,United States
208,Cathy Robinson,cathy.robinson.208@example.com,2025-06-14,tablet,Australia
209,Dr. William Warren,dr..william.warren.209@example.com,2025-10-31,desktop,United Kingdom
210,Brian Lee,brian.lee.210@example.com,2024-05-04,mobile,Canada
211,Christopher Smith,christopher.smith.211@example.com,2024-09-28,mobile,India
212,Denise Mccann,denise.mccann.212@example.com,2023-12-11,desktop,India
213,Melissa Martinez,melissa.martinez.213@example.com,2025-10-08,smart_tv,Australia
214,Katherine Salas,katherine.salas.214@example.com,2024-06-05,mobile,India
215,Julie Alexander,julie.alexander.215@example.com,2025-10-22,tablet,United States
216,Anthony Everett,anthony.everett.216@example.com,2025-10-28,desktop,India
217,Rodney Morales,rodney.morales.217@example.com,2024-03-17,mobile,United Kingdom
218,Mark Brown,mark.brown.218@example.com,2025-05-13,smart_tv,United Kingdom
219,Justin Torres,justin.torres.219@example.com,2024-01-24,desktop,United States
220,Bailey Duran DDS,bailey.duran.dds.220@example.com,2025-01-18,smart_tv,United States
221,Courtney Mills,courtney.mills.221@example.com,2025-01-31,desktop,Australia
222,Jeremy Dalton,jeremy.dalton.222@example.com,2025-11-08,tablet,Australia
223,Elizabeth Oliver DDS,elizabeth.oliver.dds.223@example.com,2024-05-13,desktop,India
224,Theresa Clark,theresa.clark.224@example.com,2025-05-19,smart_tv,Australia
225,Matthew Moore,matthew.moore.225@example.com,2025-02-03,desktop,United Kingdom
226,Benjamin Smith,benjamin.smith.226@example.com,2024-07-23,mobile,United Kingdom
227,Kirk Carter,kirk.carter.227@example.com,2025-02-18,tablet,Australia
228,Michael Warner,michael.warner.228@example.com,2025-06-20,smart_tv,United Kingdom
229,Michael Bradshaw,michael.bradshaw.229@example.com,2023-12-14,smart_tv,United Kingdom
230,Lori Guerrero,lori.guerrero.230@example.com,2024-05-19,smart_tv,Canada
231,Jessica Stephens,jessica.stephens.231@example.com,2024-11-12,desktop,United Kingdom
232,Susan Serrano,susan.serrano.232@example.com,2024-08-27,desktop,India
233,Christopher Parker,christopher.parker.233@example.com,2023-11-25,tablet,United States
234,Laura Roberts,laura.roberts.234@example.com,2024-07-19,smart_tv,Australia
235,Michael Lyons,michael.lyons.235@example.com,2025-06-05,tablet,Australia
236,Kathryn Snyder,kathryn.snyder.236@example.com,2025-09-06,smart_tv,Australia
237,Andrew Reynolds,andrew.reynolds.237@example.com,2023-12-02,mobile,United Kingdom
238,David Davis,david.davis.238@example.com,2024-06-28,smart_tv,Canada
239,Sara Johnston,sara.johnston.239@example.com,2024-09-23,desktop,Australia
240,Yvonne Chambers,yvonne.chambers.240@example.com,2025-06-03,desktop,Australia
241,Andrew Avila,andrew.avila.241@example.com,2025-05-31,desktop,United Kingdom
242,Matthew Moon,matthew.moon.242@example.com,2025-11-03,smart_tv,United Kingdom
243,Kevin Walters,kevin.walters.243@example.com,2024-09-23,desktop,Canada
244,Brandon Bailey MD,brandon.bailey.md.244@example.com,2024-03-17,tablet,United Kingdom
245,Shannon Rivera,shannon.rivera.245@example.com,2024-03-16,tablet,Canada
246,Donna Landry,donna.landry.246@example.com,2024-06-23,smart_tv,United Kingdom
247,Krista Gibson,krista.gibson.247@example.com,2025-07-10,desktop,United States
248,Frank Cordova,frank.cordova.248@example.com,2024-05-31,desktop,Canada
249,Jose Travis,jose.travis.249@example.com,2024-11-18,tablet,United Kingdom
250,Kimberly Gutierrez,kimberly.gutierrez.250@example.com,2023-11-29,tablet,United Kingdom
251,Isaiah Avila,isaiah.avila.251@example.com,2023-12-31,mobile,India
252,Olivia Harris,olivia.harris.252@example.com,2024-09-09,tablet,Australia
253,Tanya Kim,tanya.kim.253@example.com,2024-02-28,mobile,India
254,Barbara Dudley,barbara.dudley.254@example.com,2024-09-01,smart_tv,Australia
255,Cynthia Moore,cynthia.moore.255@example.com,2025-02-08,desktop,Canada
256,Kristen Davis,kristen.davis.256@example.com,2024-01-06,desktop,Australia
257,Susan Murray MD,susan.murray.md.257@example.com,2024-03-10,mobile,Australia
258,Kathleen Moran,kathleen.moran.258@example.com,2025-04-01,mobile,India
259,Denise Davenport,denise.davenport.259@example.com,2025-08-20,mobile,Canada
260,Mrs. Kristen Reyes,mrs..kristen.reyes.260@example.com,2024-04-15,desktop,United States
261,Katie Suarez,katie.suarez.261@example.com,2024-07-26,mobile,India
262,Desiree Tyler,desiree.tyler.262@example.com,2025-01-14,tablet,India
263,Timothy Romero,timothy.romero.263@example.com,2024-12-08,smart_tv,Australia
264,Diane Evans,diane.evans.264@example.com,2024-09-14,smart_tv,United Kingdom
265,Yvonne Burns,yvonne.burns.265@example.com,2025-06-19,mobile,India
266,Joshua Reed,joshua.reed.266@example.com,2024-02-24,tablet,Canada
267,Kimberly Gibson,kimberly.gibson.267@example.com,2024-08-11,mobile,Canada
268,Colin Terry,colin.terry.268@example.com,2024-07-17,tablet,India
269,Cynthia Rowe,cynthia.rowe.269@example.com,2024-01-30,tablet,United States
270,Patrick Thornton,patrick.thornton.270@example.com,2025-01-06,smart_tv,India
271,Jasmin Alvarado,jasmin.alvarado.271@example.com,2025-03-10,desktop,United States
272,Veronica Simpson,veronica.simpson.272@example.com,2024-07-09,desktop,United Kingdom
273,Jonathan Lawrence,jonathan.lawrence.273@example.com,2025-11-03,smart_tv,United States
274,Shelly Alexander,shelly.alexander.274@example.com,2025-10-18,tablet,United Kingdom
275,Joyce Bowen,joyce.bowen.275@example.com,2025-08-16,tablet,Australia
276,Matthew Moore,matthew.moore.276@example.com,2024-03-11,tablet,Canada
277,Wayne Morgan,wayne.morgan.277@example.com,2024-08-13,tablet,United States
278,Marie Christian,marie.christian.278@example.com,2024-01-15,tablet,United Kingdom
279,Shannon James,shannon.james.279@example.com,2025-07-16,desktop,Australia
280,Nathan Malone,nathan.malone.280@example.com,2024-03-21,smart_tv,United Kingdom
281,Amanda Jones,amanda.jones.281@example.com,2025-10-31,smart_tv,United Kingdom
282,Tammie Bright,tammie.bright.282@example.com,2025-04-10,smart_tv,Australia
283,Jessica Garcia,jessica.garcia.283@example.com,2024-02-05,mobile,Australia
284,Shelia Wallace,shelia.wallace.284@example.com,2024-10-10,desktop,United States
285,Stephanie Williams,stephanie.williams.285@example.com,2024-02-16,tablet,India
286,Elaine Brooks,elaine.brooks.286@example.com,2025-07-08,mobile,United Kingdom
287,Joseph Knight,joseph.knight.287@example.com,2025-06-27,mobile,Canada
288,Carolyn Miller,carolyn.miller.288@example.com,2025-03-10,smart_tv,United Kingdom
289,Lisa Allen,lisa.allen.289@example.com,2024-05-18,smart_tv,Australia
290,Briana Murray,briana.murray.290@example.com,2024-02-16,smart_tv,United Kingdom
291,David Smith,david.smith.291@example.com,2025-01-06,desktop,United Kingdom
292,Stephanie Byrd,stephanie.byrd.292@example.com,2025-10-01,mobile,Canada
293,Jeremy Reed,jeremy.reed.293@example.com,2024-10-17,smart_tv,Australia
294,Margaret Coleman,margaret.coleman.294@example.com,2024-09-05,smart_tv,India
295,Ryan Gonzalez,ryan.gonzalez.295@example.com,2023-12-22,smart_tv,United States
296,John Young,john.young.296@example.com,2024-10-02,desktop,United Kingdom
297,Laura Haney,laura.haney.297@example.com,2024-03-12,smart_tv,India
298,William Barrett,william.barrett.298@example.com,2023-11-16,smart_tv,Australia
299,Keith Jennings,keith.jennings.299@example.com,2024-01-09,tablet,India
300,Amber Obrien,amber.obrien.300@example.com,2024-11-19,smart_tv,Australia
301,Tanner Mitchell DDS,tanner.mitchell.dds.301@example.com,2024-01-06,tablet,United Kingdom
302,Heather Fields,heather.fields.302@example.com,2025-05-30,tablet,United Kingdom
303,Megan Le,megan.le.303@example.com,2025-02-05,smart_tv,United States
304,Sara Fuller,sara.fuller.304@example.com,2023-12-14,tablet,Canada
305,Maria Parker,maria.parker.305@example.com,2024-09-28,mobile,India
306,Kevin Oconnor,kevin.oconnor.306@example.com,2025-01-05,mobile,Canada
307,Edward Burgess,edward.burgess.307@example.com,2024-03-10,smart_tv,United States
308,Carlos Ryan,carlos.ryan.308@example.com,2025-09-08,tablet,Australia
309,Kiara Mcintyre,kiara.mcintyre.309@example.com,2024-09-08,desktop,Australia
310,Dawn Summers,dawn.summers.310@example.com,2025-03-23,smart_tv,Canada
311,Dr. Paul Morgan,dr..paul.morgan.311@example.com,2025-02-24,tablet,Australia
312,Victor Taylor,victor.taylor.312@example.com,2024-05-28,tablet,United States
313,Shannon Ramsey,shannon.ramsey.313@example.com,2024-08-23,smart_tv,United Kingdom
314,Tracy Ballard,tracy.ballard.314@example.com,2025-04-17,desktop,United States
315,Richard Smith,richard.smith.315@example.com,2024-08-30,desktop,India
316,Jordan Chambers,jordan.chambers.316@example.com,2025-06-30,smart_tv,Canada
317,Lauren Carson,lauren.carson.317@example.com,2025-02-14,smart_tv,United Kingdom
318,Ashley Hall,ashley.hall.318@example.com,2024-10-20,smart_tv,Australia
319,Stephen Hoffman,stephen.hoffman.319@example.com,2024-10-09,tablet,Canada
320,Connie Brown,connie.brown.320@example.com,2025-06-22,smart_tv,Canada
321,Susan Turner,susan.turner.321@example.com,2025-01-08,mobile,United Kingdom
322,Charles Shah,charles.shah.322@example.com,2025-03-13,smart_tv,Australia
323,Johnathan Davis,johnathan.davis.323@example.com,2025-09-24,tablet,Australia
324,Brandy Chavez,brandy.chavez.324@example.com,2023-12-22,tablet,India
325,Natalie Bautista,natalie.bautista.325@example.com,2025-07-11,desktop,United States
326,Patrick Moore,patrick.moore.326@example.com,2025-02-07,mobile,India
327,Brett Burns,brett.burns.327@example.com,2025-02-24,mobile,Canada
328,Trevor Johnson,trevor.johnson.328@example.com,2025-01-07,tablet,United States
329,Jeremy Sampson,jeremy.sampson.329@example.com,2025-03-09,desktop,United Kingdom
330,Ariana Jennings,ariana.jennings.330@example.com,2025-08-14,smart_tv,United States
331,Vanessa Howard,vanessa.howard.331@example.com,2024-10-16,smart_tv,United Kingdom
332,Colton Martinez,colton.martinez.332@example.com,2025-08-17,smart_tv,India
333,Jordan Bates,jordan.bates.333@example.com,2023-12-21,mobile,Canada
334,Linda Smith,linda.smith.334@example.com,2025-08-22,desktop,Canada
335,Dana Martinez,dana.martinez.335@example.com,2024-02-15,smart_tv,United States
336,Andrea Hubbard,andrea.hubbard.336@example.com,2025-08-24,mobile,Australia
337,Daniel Kane,daniel.kane.337@example.com,2024-05-03,desktop,United States
338,Charles Lester,charles.lester.338@example.com,2024-01-01,desktop,United States
339,Scott Thomas,scott.thomas.339@example.com,2024-09-10,desktop,United Kingdom
340,David Thompson,david.thompson.340@example.com,2025-01-29,tablet,Canada
341,Allison Smith,allison.smith.341@example.com,2025-05-11,smart_tv,India
342,Cynthia Morris,cynthia.morris.342@example.com,2025-10-13,tablet,Canada
343,Anthony Harmon,anthony.harmon.343@example.com,2024-05-12,mobile,India
344,Nichole Alvarez,nichole.alvarez.344@example.com,2024-12-10,tablet,Australia
345,Kayla Rodriguez,kayla.rodriguez.345@example.com,2025-07-04,tablet,Canada
346,Theresa Williams,theresa.williams.346@example.com,2025-03-01,desktop,Australia
347,Sharon Boyd,sharon.boyd.347@example.com,2024-08-02,mobile,Australia
348,Victor Brown,victor.brown.348@example.com,2024-09-04,tablet,United States
349,James Parks,james.parks.349@example.com,2025-02-09,desktop,India
350,Theodore Jones Jr.,theodore.jones.jr..350@example.com,2024-09-16,smart_tv,United Kingdom
351,Ana Hill,ana.hill.351@example.com,2025-02-24,desktop,Canada
352,Kimberly Nguyen,kimberly.nguyen.352@example.com,2024-12-12,smart_tv,United States
353,Kerry Chavez DDS,kerry.chavez.dds.353@example.com,2024-07-14,smart_tv,India
354,Michael Farrell,michael.farrell.354@example.com,2024-11-16,desktop,United Kingdom
355,Patricia Le,patricia.le.355@example.com,2023-12-07,smart_tv,United Kingdom
356,Jesse Perez,jesse.perez.356@example.com,2023-11-23,mobile,India
357,Jesse Perry,jesse.perry.357@example.com,2025-04-06,desktop,Canada
358,Jeffery Ortega,jeffery.ortega.358@example.com,2025-07-28,desktop,Canada
359,Christian Leblanc,christian.leblanc.359@example.com,2025-08-27,tablet,India
360,Ronald Davis,ronald.davis.360@example.com,2024-07-28,tablet,United States
361,Parker Cain,parker.cain.361@example.com,2025-08-18,mobile,United Kingdom
362,Laurie Hoffman,laurie.hoffman.362@example.com,2025-02-08,mobile,India
363,Bryan Gomez,bryan.gomez.363@example.com,2024-11-22,tablet,United States
364,Nicole Parrish,nicole.parrish.364@example.com,2024-09-12,desktop,Australia
365,Tracy Burke,tracy.burke.365@example.com,2024-05-12,tablet,Canada
366,Kenneth Lewis,kenneth.lewis.366@example.com,2025-05-20,desktop,India
367,Courtney Rodriguez,courtney.rodriguez.367@example.com,2025-04-11,desktop,Canada
368,Holly Farmer,holly.farmer.368@example.com,2024-08-04,smart_tv,United Kingdom
369,Renee Bruce,renee.bruce.369@example.com,2024-10-26,mobile,Australia
370,Sabrina Austin,sabrina.austin.370@example.com,2024-01-31,tablet,Canada
371,Allison Hickman,allison.hickman.371@example.com,2025-10-07,smart_tv,India
372,Debra White,debra.white.372@example.com,2024-11-23,mobile,Australia
373,Ellen Morgan,ellen.morgan.373@example.com,2023-11-29,desktop,India
374,Sergio Knight,sergio.knight.374@example.com,2024-03-20,smart_tv,United Kingdom
375,Charles Schultz,charles.schultz.375@example.com,2025-10-03,desktop,India
376,Paul Lewis,paul.lewis.376@example.com,2024-12-09,desktop,United States
377,Glen Wood,glen.wood.377@example.com,2025-10-06,tablet,Australia
378,Paula Bradley,paula.bradley.378@example.com,2023-12-10,desktop,India
379,Anthony Moore,anthony.moore.379@example.com,2024-06-28,mobile,Australia
380,Megan Nelson,megan.nelson.380@example.com,2025-11-01,desktop,Australia
381,Karla Ramos,karla.ramos.381@example.com,2024-03-13,tablet,United States
382,Paul Wilson,paul.wilson.382@example.com,2023-12-23,desktop,Australia
383,Douglas Gregory,douglas.gregory.383@example.com,2024-03-12,mobile,Canada
384,Mr. Andrew Foster,mr..andrew.foster.384@example.com,2025-05-18,tablet,Australia
385,Aimee Turner,aimee.turner.385@example.com,2025-02-21,desktop,India
386,Chad Scott,chad.scott.386@example.com,2025-01-17,tablet,Australia
387,Adam Burgess,adam.burgess.387@example.com,2025-09-15,mobile,Australia
388,James Padilla,james.padilla.388@example.com,2025-08-06,smart_tv,United Kingdom
389,Sandra Drake,sandra.drake.389@example.com,2023-12-18,desktop,Canada
390,Scott Williams,scott.williams.390@example.com,2025-02-11,smart_tv,Canada
391,Thomas Atkins,thomas.atkins.391@example.com,2024-11-20,mobile,United Kingdom
392,Laura Mckinney,laura.mckinney.392@example.com,2025-05-25,desktop,United States
393,Brian Smith,brian.smith.393@example.com,2024-12-26,desktop,Canada
394,Robert Montgomery,robert.montgomery.394@example.com,2024-03-19,smart_tv,United States
395,Tamara Davis,tamara.davis.395@example.com,2025-09-23,tablet,India
396,Dana Chapman,dana.chapman.396@example.com,2023-12-06,mobile,United Kingdom
397,Jennifer Collins,jennifer.collins.397@example.com,2024-07-21,tablet,India
398,Gary Jackson,gary.jackson.398@example.com,2024-06-12,mobile,India
399,Ashley Hicks,ashley.hicks.399@example.com,2024-06-14,tablet,Canada
400,Hannah Luna,hannah.luna.400@example.com,2024-10-16,tablet,India
401,Robin Young,robin.young.401@example.com,2023-11-17,desktop,Canada
402,Craig Morrison,craig.morrison.402@example.com,2024-03-27,desktop,Canada
403,Mary Thompson,mary.thompson.403@example.com,2024-03-06,mobile,Canada
404,Kathleen Webster,kathleen.webster.404@example.com,2023-11-30,desktop,Canada
405,Joann Glass,joann.glass.405@example.com,2025-07-09,desktop,United States
406,Madison Weber,madison.weber.406@example.com,2024-05-11,desktop,United States
407,Lori Hernandez,lori.hernandez.407@example.com,2024-03-23,smart_tv,India
408,Jeremy Turner,jeremy.turner.408@example.com,2024-03-10,mobile,Australia
409,Anthony Romero,anthony.romero.409@example.com,2025-02-16,desktop,India
410,Jesse Brown,jesse.brown.410@example.com,2025-07-14,mobile,Australia
411,Angela Lin,angela.lin.411@example.com,2025-04-13,tablet,India
412,Lisa Hunter,lisa.hunter.412@example.com,2023-12-29,desktop,Australia
413,Julian Conner,julian.conner.413@example.com,2025-09-03,mobile,United States
414,Joanna Pacheco,joanna.pacheco.414@example.com,2025-03-19,smart_tv,Australia
415,Erica Alvarez,erica.alvarez.415@example.com,2025-10-17,mobile,Australia
416,Antonio Garcia,antonio.garcia.416@example.com,2025-11-13,smart_tv,United States
417,Gwendolyn Klein,gwendolyn.klein.417@example.com,2024-02-05,desktop,India
418,Carrie Wright,carrie.wright.418@example.com,2024-04-14,mobile,Canada
419,Jeffrey Mills,jeffrey.mills.419@example.com,2024-08-22,desktop,Australia
420,Jake Campbell,jake.campbell.420@example.com,2025-07-18,desktop,Australia
421,George Harper,george.harper.421@example.com,2025-04-15,smart_tv,United States
422,Maria Jones,maria.jones.422@example.com,2025-11-02,mobile,India
423,Michael Mitchell,michael.mitchell.423@example.com,2024-06-22,smart_tv,Australia
424,Mary Escobar,mary.escobar.424@example.com,2024-07-05,smart_tv,United Kingdom
425,Felicia Aguilar,felicia.aguilar.425@example.com,2025-02-21,smart_tv,Australia
426,Gregory Ponce,gregory.ponce.426@example.com,2024-02-20,desktop,Australia
427,Jenna Larson,jenna.larson.427@example.com,2024-09-30,desktop,United Kingdom
428,Emily Bennett,emily.bennett.428@example.com,2024-04-19,smart_tv,United States
429,Robin Santiago,robin.santiago.429@example.com,2024-02-16,mobile,United States
430,Nancy Jennings,nancy.jennings.430@example.com,2025-01-30,mobile,United Kingdom
431,Maria Henderson,maria.henderson.431@example.com,2024-03-27,mobile,India
432,Jack White,jack.white.432@example.com,2025-06-12,desktop,United States
433,Travis Tucker,travis.tucker.433@example.com,2025-01-08,desktop,Australia
434,Chad Jones,chad.jones.434@example.com,2024-01-06,desktop,India
435,Ashley Wise,ashley.wise.435@example.com,2024-09-29,desktop,United States
436,Sophia Johnson,sophia.johnson.436@example.com,2025-06-28,tablet,Canada
437,Ralph Anderson,ralph.anderson.437@example.com,2025-09-17,smart_tv,Canada
438,Christopher Guerra,christopher.guerra.438@example.com,2024-03-04,desktop,India
439,Rhonda Martin,rhonda.martin.439@example.com,2024-11-25,mobile,United Kingdom
440,Jason Rhodes,jason.rhodes.440@example.com,2025-06-24,tablet,Australia
441,Jeremy Mitchell,jeremy.mitchell.441@example.com,2025-06-11,mobile,India
442,Joann Ferguson,joann.ferguson.442@example.com,2025-09-18,desktop,United States
443,Robert Harrison,robert.harrison.443@example.com,2024-05-17,desktop,United Kingdom
444,Holly Valentine,holly.valentine.444@example.com,2024-10-27,desktop,United States
445,Mrs. Diane Reyes,mrs..diane.reyes.445@example.com,2024-05-18,tablet,India
446,Tracy Montoya,tracy.montoya.446@example.com,2025-09-18,smart_tv,United States
447,Brenda Wright,brenda.wright.447@example.com,2024-04-08,mobile,United States
448,Shelly Spencer,shelly.spencer.448@example.com,2025-05-11,tablet,Australia
449,Ryan Rosales,ryan.rosales.449@example.com,2025-01-17,smart_tv,United Kingdom
450,Phillip Nelson,phillip.nelson.450@example.com,2024-04-24,desktop,United Kingdom
451,Brittany Kim,brittany.kim.451@example.com,2024-10-12,mobile,United States
452,Courtney Hayes,courtney.hayes.452@example.com,2024-04-22,tablet,India
453,Alexander Brown,alexander.brown.453@example.com,2024-01-04,mobile,United Kingdom
454,Cynthia Vang,cynthia.vang.454@example.com,2025-02-10,smart_tv,Australia
455,Alfred Galvan,alfred.galvan.455@example.com,2025-07-28,smart_tv,Australia
456,Marie Moody,marie.moody.456@example.com,2024-08-20,tablet,India
457,Dustin Gallegos,dustin.gallegos.457@example.com,2024-03-10,desktop,Australia
458,Brenda Thornton,brenda.thornton.458@example.com,2024-03-07,desktop,India
459,Aaron Miller,aaron.miller.459@example.com,2025-03-27,desktop,United States
460,Ruben Dunn,ruben.dunn.460@example.com,2024-06-27,smart_tv,India
461,Kelsey Rodriguez,kelsey.rodriguez.461@example.com,2024-01-10,mobile,Canada
462,Eric Williams,eric.williams.462@example.com,2024-09-18,tablet,Canada
463,Riley Bryant,riley.bryant.463@example.com,2024-08-02,desktop,United Kingdom
464,Taylor Carlson,taylor.carlson.464@example.com,2024-03-16,mobile,Australia
465,Jose Allen,jose.allen.465@example.com,2025-01-28,tablet,Canada
466,Jeffrey Mendez,jeffrey.mendez.466@example.com,2024-12-08,tablet,India
467,Jason Beck,jason.beck.467@example.com,2025-06-09,desktop,United States
468,William Jones,william.jones.468@example.com,2024-12-25,mobile,Australia
469,Katie Mcneil,katie.mcneil.469@example.com,2023-12-04,smart_tv,United States
470,Jeanette Harrison,jeanette.harrison.470@example.com,2024-09-30,smart_tv,India
471,Veronica King,veronica.king.471@example.com,2025-01-02,smart_tv,United Kingdom
472,Richard Cooper,richard.cooper.472@example.com,2024-03-11,smart_tv,United States
473,Lori Ingram,lori.ingram.473@example.com,2024-10-12,tablet,India
474,Evelyn Williams,evelyn.williams.474@example.com,2025-02-28,desktop,United States
475,Robin Thompson,robin.thompson.475@example.com,2025-02-04,mobile,Canada
476,Julie Dominguez,julie.dominguez.476@example.com,2025-02-03,smart_tv,India
477,Robin Brown,robin.brown.477@example.com,2024-02-03,smart_tv,United Kingdom
478,Judith Carter,judith.carter.478@example.com,2024-10-27,tablet,United Kingdom
479,Curtis Williams,curtis.williams.479@example.com,2024-05-05,mobile,India
480,Kaylee Hays,kaylee.hays.480@example.com,2025-08-24,mobile,India
481,Dawn Mullins,dawn.mullins.481@example.com,2025-04-20,tablet,United Kingdom
482,Howard Norman,howard.norman.482@example.com,2024-11-08,tablet,Canada
483,Evelyn Martinez,evelyn.martinez.483@example.com,2024-02-28,tablet,United Kingdom
484,Steve Paul,steve.paul.484@example.com,2024-06-04,tablet,India
485,Jasmine Beltran,jasmine.beltran.485@example.com,2024-04-19,mobile,Canada
486,Jonathan Glass MD,jonathan.glass.md.486@example.com,2025-08-19,smart_tv,Australia
487,Monica Miller,monica.miller.487@example.com,2025-06-14,smart_tv,India
488,Samantha Gardner,samantha.gardner.488@example.com,2025-09-03,desktop,United Kingdom
489,Bobby Guerrero,bobby.guerrero.489@example.com,2024-04-17,smart_tv,United States
490,Lance Simmons,lance.simmons.490@example.com,2025-03-09,smart_tv,United Kingdom
491,Heather Williams,heather.williams.491@example.com,2024-08-22,mobile,United Kingdom
492,Heather Bolton,heather.bolton.492@example.com,2025-04-17,mobile,United Kingdom
493,William Gould,william.gould.493@example.com,2025-03-01,smart_tv,United States
494,Mark Cox,mark.cox.494@example.com,2024-01-12,desktop,United Kingdom
495,Meghan Cisneros,meghan.cisneros.495@example.com,2024-02-01,mobile,India
496,Lawrence Harrington,lawrence.harrington.496@example.com,2025-07-15,smart_tv,Australia
497,Austin Osborne,austin.osborne.497@example.com,2025-07-01,mobile,Australia
498,James Bradley,james.bradley.498@example.com,2025-06-22,tablet,United Kingdom
499,Meghan Rush,meghan.rush.499@example.com,2025-07-26,smart_tv,India
500,Phillip Berry,phillip.berry.500@example.com,2024-04-17,mobile,Australia
501,Jennifer Banks,jennifer.banks.501@example.com,2024-02-28,desktop,United States
502,Brian Fitzgerald,brian.fitzgerald.502@example.com,2025-04-14,tablet,United States
503,Mr. Justin Green III,mr..justin.green.iii.503@example.com,2024-07-25,smart_tv,Australia
504,Zachary Mitchell,zachary.mitchell.504@example.com,2025-05-04,tablet,United Kingdom
505,Katherine Martinez,katherine.martinez.505@example.com,2024-11-30,desktop,Australia
506,Jodi Roach,jodi.roach.506@example.com,2025-01-06,desktop,India
507,Brandon Fleming,brandon.fleming.507@example.com,2024-01-07,desktop,United States
508,Emma Reed,emma.reed.508@example.com,2024-10-17,mobile,India
509,Joshua Vance,joshua.vance.509@example.com,2025-10-09,smart_tv,United Kingdom
510,Michelle Ho,michelle.ho.510@example.com,2024-07-30,tablet,United Kingdom
511,Rebecca Hicks,rebecca.hicks.511@example.com,2024-02-06,tablet,United Kingdom
512,Curtis Taylor,curtis.taylor.512@example.com,2024-09-27,smart_tv,Canada
513,Allison Spencer,allison.spencer.513@example.com,2025-07-16,mobile,United Kingdom
514,Robert Arnold,robert.arnold.514@example.com,2025-06-09,smart_tv,United Kingdom
515,Angelica Parker,angelica.parker.515@example.com,2024-03-24,mobile,Australia
516,Dr. Kelly Hammond DVM,dr..kelly.hammond.dvm.516@example.com,2025-04-18,desktop,United States
517,William Day,william.day.517@example.com,2024-11-20,desktop,Canada
518,Michael Cooper,michael.cooper.518@example.com,2024-06-21,desktop,Australia
519,Penny Bowman,penny.bowman.519@example.com,2024-05-29,tablet,Canada
520,Vincent Reynolds,vincent.reynolds.520@example.com,2024-04-21,mobile,United Kingdom
521,Amy Martinez,amy.martinez.521@example.com,2024-02-26,mobile,United Kingdom
522,Christopher Morris,christopher.morris.522@example.com,2025-08-08,tablet,India
523,Hannah Everett,hannah.everett.523@example.com,2024-12-04,tablet,Canada
524,Sarah King,sarah.king.524@example.com,2024-05-18,tablet,Australia
525,Krista Martinez,krista.martinez.525@example.com,2023-12-29,smart_tv,United Kingdom
526,Joseph Shaw,joseph.shaw.526@example.com,2025-10-07,tablet,Australia
527,Todd Moore,todd.moore.527@example.com,2025-08-01,desktop,Australia
528,Michelle Jacobs,michelle.jacobs.528@example.com,2024-07-11,tablet,United Kingdom
529,Kristy Bryan,kristy.bryan.529@example.com,2025-03-09,tablet,United Kingdom
530,Angel May,angel.may.530@example.com,2025-10-09,smart_tv,Australia
531,Marilyn Wang,marilyn.wang.531@example.com,2024-08-29,smart_tv,India
532,Mark Jimenez,mark.jimenez.532@example.com,2025-05-08,smart_tv,Canada
533,Donna Frye,donna.frye.533@example.com,2024-06-06,tablet,United Kingdom
534,Dr. Michael Evans,dr..michael.evans.534@example.com,2024-01-07,smart_tv,United Kingdom
535,Anthony Gonzales,anthony.gonzales.535@example.com,2025-06-04,mobile,India
536,Mr. Lawrence Edwards,mr..lawrence.edwards.536@example.com,2024-03-21,desktop,United States
537,Morgan Valencia,morgan.valencia.537@example.com,2024-04-27,desktop,Australia
538,Bianca Wood,bianca.wood.538@example.com,2025-04-23,tablet,Australia
539,Emma Owens,emma.owens.539@example.com,2024-02-16,tablet,Australia
540,David Davis,david.davis.540@example.com,2024-11-06,mobile,Australia
541,James Gilbert,james.gilbert.541@example.com,2024-01-08,smart_tv,India
542,Sean Moore,sean.moore.542@example.com,2024-12-01,tablet,Australia
543,Kenneth Edwards,kenneth.edwards.543@example.com,2024-02-06,desktop,Canada
544,Kathleen Robertson,kathleen.robertson.544@example.com,2023-12-13,desktop,United States
545,Mr. Alexander Landry MD,mr..alexander.landry.md.545@example.com,2025-09-10,desktop,Canada
546,Cindy Gomez,cindy.gomez.546@example.com,2024-04-03,mobile,United Kingdom
547,Johnny Khan,johnny.khan.547@example.com,2025-03-12,tablet,Australia
548,Julie Herrera,julie.herrera.548@example.com,2025-02-16,mobile,United States
549,Jessica Khan,jessica.khan.549@example.com,2023-12-04,desktop,Canada
550,Pamela Diaz,pamela.diaz.550@example.com,2024-04-16,smart_tv,United States
551,Kelly Lee,kelly.lee.551@example.com,2024-09-05,tablet,United Kingdom
552,Angel Gordon,angel.gordon.552@example.com,2024-03-18,mobile,Canada
553,Diana Hays,diana.hays.553@example.com,2025-01-17,smart_tv,United States
554,Barbara Hester,barbara.hester.554@example.com,2024-03-07,smart_tv,India
555,Robert Morgan,robert.morgan.555@example.com,2025-05-16,mobile,India
556,Nicole Gonzalez,nicole.gonzalez.556@example.com,2025-06-25,tablet,Canada
557,Kathryn Williams,kathryn.williams.557@example.com,2024-09-08,smart_tv,United States
558,Gary Wells,gary.wells.558@example.com,2025-08-05,desktop,Canada
559,Larry Robertson,larry.robertson.559@example.com,2025-06-21,smart_tv,Canada
560,Louis Martin,louis.martin.560@example.com,2025-09-25,mobile,India
561,Nancy Evans MD,nancy.evans.md.561@example.com,2024-11-18,mobile,India
562,Kim Erickson,kim.erickson.562@example.com,2025-05-25,mobile,Australia
563,Robert Richardson,robert.richardson.563@example.com,2025-03-10,mobile,Australia
564,Veronica Silva,veronica.silva.564@example.com,2024-12-01,desktop,United States
565,Molly Watts,molly.watts.565@example.com,2024-11-14,mobile,United Kingdom
566,John Coffey,john.coffey.566@example.com,2024-07-18,mobile,India
567,Paula Lane,paula.lane.567@example.com,2024-10-20,tablet,United States
568,Lauren Jackson,lauren.jackson.568@example.com,2024-11-09,desktop,Canada
569,Lisa Randall,lisa.randall.569@example.com,2025-10-16,smart_tv,Australia
570,Michael Johnson,michael.johnson.570@example.com,2025-08-22,tablet,Canada
571,Ashley Smith,ashley.smith.571@example.com,2024-01-18,smart_tv,United States
572,Christian Vaughn,christian.vaughn.572@example.com,2024-09-10,tablet,United States
573,Reginald Knapp,reginald.knapp.573@example.com,2024-06-06,mobile,United Kingdom
574,Nancy Brown,nancy.brown.574@example.com,2024-09-27,smart_tv,India
575,Daniel Nguyen,daniel.nguyen.575@example.com,2025-03-13,desktop,United States
576,Kelly Edwards,kelly.edwards.576@example.com,2025-09-07,tablet,United Kingdom
577,Thomas Peterson,thomas.peterson.577@example.com,2024-11-14,mobile,United Kingdom
578,Raymond Le,raymond.le.578@example.com,2024-08-20,mobile,United Kingdom
579,Melissa Bishop,melissa.bishop.579@example.com,2025-02-04,smart_tv,Australia
580,David Grant,david.grant.580@example.com,2024-12-14,desktop,Canada
581,William Evans,william.evans.581@example.com,2025-04-06,smart_tv,United Kingdom
582,Daniel Bush,daniel.bush.582@example.com,2025-04-29,desktop,United States
583,Gregory Peck,gregory.peck.583@example.com,2025-01-22,mobile,Australia
584,Denise Martinez,denise.martinez.584@example.com,2025-07-23,tablet,India
585,Jamie Baird,jamie.baird.585@example.com,2024-09-10,desktop,United States
586,Tina Ballard,tina.ballard.586@example.com,2024-02-04,desktop,United Kingdom
587,Dwayne Klein,dwayne.klein.587@example.com,2024-09-23,smart_tv,India
588,Jeremy Scott,jeremy.scott.588@example.com,2025-01-24,tablet,Australia
589,Dale Ryan,dale.ryan.589@example.com,2024-11-08,smart_tv,United States
590,Melissa Taylor,melissa.taylor.590@example.com,2024-11-10,smart_tv,United Kingdom
591,Laurie Sanchez,laurie.sanchez.591@example.com,2025-08-30,mobile,United States
592,Kiara Little,kiara.little.592@example.com,2025-10-02,smart_tv,United Kingdom
593,Jason Love,jason.love.593@example.com,2025-04-23,tablet,United States
594,Randy Smith,randy.smith.594@example.com,2024-04-09,smart_tv,United States
595,Tanya Russell,tanya.russell.595@example.com,2024-03-23,mobile,Canada
596,Sherry Woods,sherry.woods.596@example.com,2025-09-05,desktop,United Kingdom
597,Victor Morris,victor.morris.597@example.com,2024-12-11,mobile,India
598,Susan Davis,susan.davis.598@example.com,2024-04-20,smart_tv,United Kingdom
599,Kimberly Sharp,kimberly.sharp.599@example.com,2024-11-29,smart_tv,United States
600,Susan Thompson,susan.thompson.600@example.com,2025-06-24,tablet,India
601,Casey Gillespie,casey.gillespie.601@example.com,2024-11-24,smart_tv,United Kingdom
602,Jennifer Simpson DVM,jennifer.simpson.dvm.602@example.com,2025-09-10,desktop,Canada
603,Tammy Mcdowell,tammy.mcdowell.603@example.com,2024-03-10,mobile,Canada
604,Keith Rodriguez,keith.rodriguez.604@example.com,2025-04-09,smart_tv,India
605,Mrs. Virginia Daniels,mrs..virginia.daniels.605@example.com,2024-03-14,desktop,United Kingdom
606,Todd Rosales MD,todd.rosales.md.606@example.com,2025-11-04,smart_tv,Canada
607,Brian Martin,brian.martin.607@example.com,2025-08-02,desktop,Australia
608,David Lopez,david.lopez.608@example.com,2024-06-06,mobile,Canada
609,Rachel Bradley,rachel.bradley.609@example.com,2024-01-29,smart_tv,Canada
610,Casey Chase,casey.chase.610@example.com,2025-11-14,smart_tv,United States
611,Samantha Robertson,samantha.robertson.611@example.com,2025-10-13,desktop,United Kingdom
612,Michael Lopez,michael.lopez.612@example.com,2025-11-10,mobile,India
613,Franklin Wright,franklin.wright.613@example.com,2025-05-23,desktop,United Kingdom
614,David Molina,david.molina.614@example.com,2024-04-24,tablet,United Kingdom
615,Elizabeth Sharp,elizabeth.sharp.615@example.com,2025-04-18,tablet,United States
616,Matthew Schwartz,matthew.schwartz.616@example.com,2024-06-07,tablet,Canada
617,Bryan Parker,bryan.parker.617@example.com,2025-04-03,mobile,United Kingdom
618,Jonathan Jacobson,jonathan.jacobson.618@example.com,2025-06-04,desktop,Australia
619,Emily Wilson,emily.wilson.619@example.com,2025-06-01,tablet,India
620,Elizabeth Mendez,elizabeth.mendez.620@example.com,2024-02-11,mobile,United Kingdom
621,Casey Hernandez,casey.hernandez.621@example.com,2024-12-26,smart_tv,India
622,Lisa Perry,lisa.perry.622@example.com,2025-01-08,smart_tv,India
623,Kaitlin Medina,kaitlin.medina.623@example.com,2024-01-29,tablet,United Kingdom
624,Colleen Wright,colleen.wright.624@example.com,2025-09-02,mobile,Australia
625,Shelley Miller,shelley.miller.625@example.com,2025-03-06,desktop,Canada
626,Michael Miller,michael.miller.626@example.com,2025-06-01,tablet,Canada
627,Amy Kelley,amy.kelley.627@example.com,2025-01-31,mobile,United States
628,Laura Hernandez,laura.hernandez.628@example.com,2025-04-28,tablet,United Kingdom
629,Joseph Wilson,joseph.wilson.629@example.com,2024-05-01,tablet,United Kingdom
630,Kevin Davis,kevin.davis.630@example.com,2025-11-10,tablet,United Kingdom
631,Rhonda Chavez,rhonda.chavez.631@example.com,2025-04-29,desktop,United States
632,Joyce Brown,joyce.brown.632@example.com,2024-07-28,tablet,India
633,Robert Cummings,robert.cummings.633@example.com,2024-08-22,tablet,United Kingdom
634,Robert Reese,robert.reese.634@example.com,2025-08-05,mobile,India
635,Amber Cooper,amber.cooper.635@example.com,2025-09-01,tablet,India
636,Zachary Michael,zachary.michael.636@example.com,2025-07-01,tablet,Canada
637,Timothy Johnson,timothy.johnson.637@example.com,2025-09-19,desktop,India
638,Randy Cannon,randy.cannon.638@example.com,2023-12-27,mobile,United States
639,Maria Fisher,maria.fisher.639@example.com,2023-12-31,desktop,Canada
640,Janet Kane DVM,janet.kane.dvm.640@example.com,2025-06-22,smart_tv,India
641,Michael Stanley,michael.stanley.641@example.com,2025-08-30,mobile,Australia
642,Martha Bailey,martha.bailey.642@example.com,2025-08-18,desktop,United Kingdom
643,Joshua Rice,joshua.rice.643@example.com,2025-03-23,tablet,Australia
644,Courtney Smith,courtney.smith.644@example.com,2024-09-14,smart_tv,United States
645,Edwin Nunez,edwin.nunez.645@example.com,2025-10-20,mobile,Canada
646,Kim Morrow,kim.morrow.646@example.com,2025-02-07,smart_tv,Australia
647,Gregory Hill,gregory.hill.647@example.com,2025-03-04,tablet,United Kingdom
648,Molly Rodriguez,molly.rodriguez.648@example.com,2025-07-28,tablet,United Kingdom
649,Jennifer Miranda,jennifer.miranda.649@example.com,2024-10-06,desktop,Australia
650,Alexis Harris,alexis.harris.650@example.com,2024-03-27,desktop,India
651,Andrew Harper,andrew.harper.651@example.com,2025-06-12,mobile,United Kingdom
652,Amber Yang,amber.yang.652@example.com,2024-07-19,smart_tv,United States
653,David Robinson,david.robinson.653@example.com,2024-08-14,smart_tv,Canada
654,Amy Gordon,amy.gordon.654@example.com,2024-04-07,mobile,United States
655,Robert Dennis,robert.dennis.655@example.com,2024-09-07,smart_tv,India
656,Kyle Chambers,kyle.chambers.656@example.com,2025-01-16,tablet,Canada
657,Eric Thomas,eric.thomas.657@example.com,2024-10-15,desktop,Canada
658,Connie Turner,connie.turner.658@example.com,2024-04-26,smart_tv,India
659,Travis Hobbs,travis.hobbs.659@example.com,2025-03-07,smart_tv,United Kingdom
660,Lori Simmons,lori.simmons.660@example.com,2025-04-07,mobile,United States
661,William David DDS,william.david.dds.661@example.com,2024-12-21,smart_tv,Canada
662,Emma Butler,emma.butler.662@example.com,2024-06-22,desktop,United States
663,James Webster,james.webster.663@example.com,2024-01-05,desktop,Australia
664,Samuel Turner,samuel.turner.664@example.com,2025-07-18,smart_tv,United Kingdom
665,Renee Melendez,renee.melendez.665@example.com,2025-05-17,mobile,United States
666,Tracy Grant,tracy.grant.666@example.com,2025-01-29,tablet,United Kingdom
667,David Harris,david.harris.667@example.com,2024-11-23,smart_tv,United Kingdom
668,Tammy Boone,tammy.boone.668@example.com,2023-12-31,smart_tv,United States
669,Nathaniel Lee,nathaniel.lee.669@example.com,2025-06-20,tablet,United Kingdom
670,Michael Morrison,michael.morrison.670@example.com,2025-06-03,desktop,United States
671,Chelsea Gill,chelsea.gill.671@example.com,2024-12-14,smart_tv,India
672,Kristin Mendoza,kristin.mendoza.672@example.com,2024-08-27,mobile,Canada
673,Felicia Krueger,felicia.krueger.673@example.com,2024-02-22,smart_tv,United Kingdom
674,Timothy Hayden,timothy.hayden.674@example.com,2024-10-27,desktop,Canada
675,Zachary Mendoza,zachary.mendoza.675@example.com,2024-06-05,smart_tv,India
676,Larry Harris,larry.harris.676@example.com,2023-12-26,mobile,United States
677,Kristen Rowe,kristen.rowe.677@example.com,2024-04-03,desktop,Australia
678,Joseph Howard,joseph.howard.678@example.com,2025-04-29,smart_tv,Canada
679,Jose Crawford,jose.crawford.679@example.com,2025-07-27,tablet,United Kingdom
680,William Harrison,william.harrison.680@example.com,2025-08-03,desktop,Canada
681,Suzanne Wood,suzanne.wood.681@example.com,2024-12-21,desktop,India
682,Justin Walker,justin.walker.682@example.com,2024-10-24,smart_tv,India
683,Dean Donovan,dean.donovan.683@example.com,2024-09-16,smart_tv,United States
684,Jennifer Hernandez,jennifer.hernandez.684@example.com,2024-11-26,desktop,United States
685,James Whitaker,james.whitaker.685@example.com,2025-01-14,desktop,United States
686,Mr. Michael Scott PhD,mr..michael.scott.phd.686@example.com,2025-07-18,smart_tv,United Kingdom
687,Maria Henry,maria.henry.687@example.com,2025-09-16,tablet,United States
688,Robert Jackson,robert.jackson.688@example.com,2025-07-04,smart_tv,Canada
689,Katherine Stark,katherine.stark.689@example.com,2025-05-04,smart_tv,Canada
690,Maria Brown,maria.brown.690@example.com,2025-10-12,tablet,United States
691,Ryan Landry,ryan.landry.691@example.com,2025-06-23,mobile,Canada
692,Pamela Gutierrez,pamela.gutierrez.692@example.com,2023-12-04,smart_tv,United Kingdom
693,Crystal Mann,crystal.mann.693@example.com,2025-01-16,tablet,Australia
694,Jonathan Brooks,jonathan.brooks.694@example.com,2025-10-22,tablet,Australia
695,Mary Jensen,mary.jensen.695@example.com,2025-04-11,smart_tv,United States
696,Mr. Aaron Arnold,mr..aaron.arnold.696@example.com,2025-11-06,tablet,India
697,Joseph Hill,joseph.hill.697@example.com,2024-06-14,desktop,Australia
698,Alicia Li,alicia.li.698@example.com,2025-05-06,smart_tv,United Kingdom
699,Renee Browning,renee.browning.699@example.com,2024-05-10,smart_tv,India
700,Brent Hernandez,brent.hernandez.700@example.com,2024-10-30,desktop,United Kingdom
701,Joseph Ochoa,joseph.ochoa.701@example.com,2025-07-31,smart_tv,Canada
702,James Watson,james.watson.702@example.com,2024-07-24,desktop,India
703,Karl Branch,karl.branch.703@example.com,2024-09-15,tablet,United Kingdom
704,Michael Abbott,michael.abbott.704@example.com,2024-09-05,tablet,Australia
705,Shannon Malone,shannon.malone.705@example.com,2024-10-04,smart_tv,United Kingdom
706,James Tran,james.tran.706@example.com,2025-06-10,desktop,United Kingdom
707,Adam Jackson,adam.jackson.707@example.com,2024-03-18,smart_tv,Australia
708,Mr. Richard Knight PhD,mr..richard.knight.phd.708@example.com,2024-11-02,tablet,United Kingdom
709,Joseph Williams,joseph.williams.709@example.com,2023-12-28,desktop,United States
710,Sean Clay,sean.clay.710@example.com,2024-11-03,smart_tv,United Kingdom
711,Anthony Jones,anthony.jones.711@example.com,2025-03-19,tablet,Canada
712,Stephanie Elliott,stephanie.elliott.712@example.com,2025-05-19,desktop,India
713,Timothy Edwards,timothy.edwards.713@example.com,2025-10-27,desktop,Canada
714,Laurie Goodwin,laurie.goodwin.714@example.com,2024-03-05,tablet,Canada
715,Jennifer Jones,jennifer.jones.715@example.com,2024-01-05,tablet,Canada
716,David Davenport,david.davenport.716@example.com,2024-01-07,mobile,Australia
717,Steven Rivera,steven.rivera.717@example.com,2024-10-18,smart_tv,United States
718,Brenda Hinton,brenda.hinton.718@example.com,2025-10-12,tablet,United States
719,Kathryn Mccann,kathryn.mccann.719@example.com,2025-05-31,tablet,Australia
720,Jeffrey Roberson,jeffrey.roberson.720@example.com,2025-09-13,smart_tv,Australia
721,Randy Friedman,randy.friedman.721@example.com,2025-09-11,tablet,United Kingdom
722,Raymond Johnson,raymond.johnson.722@example.com,2024-10-08,desktop,United States
723,Willie Henry,willie.henry.723@example.com,2024-02-14,tablet,India
724,Todd Reynolds,todd.reynolds.724@example.com,2023-12-23,tablet,Australia
725,Mary Miller,mary.miller.725@example.com,2024-05-13,mobile,Australia
726,Rebecca Marquez,rebecca.marquez.726@example.com,2025-04-05,tablet,United Kingdom
727,Christian Dawson,christian.dawson.727@example.com,2023-12-23,mobile,United Kingdom
728,Nancy Stewart,nancy.stewart.728@example.com,2025-06-18,mobile,United Kingdom
729,Aaron Parker,aaron.parker.729@example.com,2024-09-01,smart_tv,India
730,Derrick Anderson,derrick.anderson.730@example.com,2025-05-04,smart_tv,Canada
731,Jerry Peters,jerry.peters.731@example.com,2025-04-14,smart_tv,United Kingdom
732,Alexander Gomez,alexander.gomez.732@example.com,2024-05-30,mobile,United Kingdom
733,Kyle Nguyen,kyle.nguyen.733@example.com,2024-04-29,smart_tv,United Kingdom
734,Edgar Hughes,edgar.hughes.734@example.com,2024-05-23,mobile,United Kingdom
735,Steven Stein,steven.stein.735@example.com,2024-09-12,tablet,Canada
736,Laura Jackson,laura.jackson.736@example.com,2025-08-01,smart_tv,Australia
737,Charles Turner,charles.turner.737@example.com,2025-04-25,desktop,United States
738,Arthur Hamilton MD,arthur.hamilton.md.738@example.com,2024-12-29,mobile,Canada
739,Mr. David Wright,mr..david.wright.739@example.com,2024-04-06,smart_tv,United Kingdom
740,Linda Gonzalez,linda.gonzalez.740@example.com,2024-07-26,mobile,United Kingdom
741,Eric Rush,eric.rush.741@example.com,2024-12-11,tablet,Australia
742,Manuel Brock,manuel.brock.742@example.com,2024-08-14,desktop,United Kingdom
743,George Ochoa,george.ochoa.743@example.com,2025-07-03,mobile,United Kingdom
744,Valerie Taylor,valerie.taylor.744@example.com,2025-09-14,desktop,Canada
745,Travis Harris,travis.harris.745@example.com,2024-01-17,mobile,Australia
746,Vincent Novak,vincent.novak.746@example.com,2024-09-24,tablet,Australia
747,Michael Henry,michael.henry.747@example.com,2025-10-17,desktop,United States
748,Dana Bennett,dana.bennett.748@example.com,2025-08-30,desktop,United Kingdom
749,Jenna Wilson,jenna.wilson.749@example.com,2025-08-05,tablet,Canada
750,Leslie Gardner,leslie.gardner.750@example.com,2024-03-30,smart_tv,Canada
751,Krista Benton,krista.benton.751@example.com,2025-02-22,desktop,Australia
752,Michael Gonzales,michael.gonzales.752@example.com,2025-11-02,smart_tv,India
753,Michael Fuentes,michael.fuentes.753@example.com,2025-09-25,tablet,Canada
754,Jennifer Porter,jennifer.porter.754@example.com,2025-10-11,mobile,India
755,Dana Hopkins,dana.hopkins.755@example.com,2025-02-14,desktop,United States
756,Rachel Jones,rachel.jones.756@example.com,2025-06-14,mobile,United States
757,Karen Morales DDS,karen.morales.dds.757@example.com,2025-05-28,tablet,India
758,Melissa Stephens,melissa.stephens.758@example.com,2025-05-17,tablet,Canada
759,Heather Woodard,heather.woodard.759@example.com,2024-10-15,smart_tv,United States
760,Margaret Miller,margaret.miller.760@example.com,2025-10-11,tablet,India
761,Mary Kelly,mary.kelly.761@example.com,2025-03-29,mobile,India
762,Amanda Terrell,amanda.terrell.762@example.com,2025-02-13,mobile,Australia
763,Jennifer Goodwin,jennifer.goodwin.763@example.com,2024-03-29,smart_tv,Australia
764,Jessica Smith,jessica.smith.764@example.com,2025-06-14,mobile,India
765,Jorge Stone,jorge.stone.765@example.com,2025-03-02,desktop,United States
766,Laura Griffin,laura.griffin.766@example.com,2024-12-24,desktop,United States
767,Raymond Chapman,raymond.chapman.767@example.com,2024-06-25,mobile,United States
768,Haley Johnson,haley.johnson.768@example.com,2025-01-21,desktop,United States
769,Jason Nixon,jason.nixon.769@example.com,2025-05-22,mobile,United States
770,Todd Thomas,todd.thomas.770@example.com,2025-03-12,mobile,United Kingdom
771,Jesse Clark,jesse.clark.771@example.com,2025-01-06,tablet,Canada
772,Mr. Jeffrey Horton,mr..jeffrey.horton.772@example.com,2025-09-01,smart_tv,United Kingdom
773,Eric Patrick,eric.patrick.773@example.com,2024-12-10,smart_tv,Australia
774,Samuel Wong,samuel.wong.774@example.com,2024-12-03,mobile,India
775,Carly Riggs,carly.riggs.775@example.com,2024-03-30,desktop,United States
776,Christopher Moore,christopher.moore.776@example.com,2024-05-15,smart_tv,India
777,Tina Hall,tina.hall.777@example.com,2024-03-24,tablet,United States
778,Cody Davidson,cody.davidson.778@example.com,2023-12-08,desktop,Australia
779,Allen Mendez,allen.mendez.779@example.com,2025-10-04,smart_tv,India
780,Kevin Price,kevin.price.780@example.com,2024-12-07,tablet,Canada
781,Christine Goodwin,christine.goodwin.781@example.com,2025-02-28,desktop,Canada
782,Amy Garcia,amy.garcia.782@example.com,2024-08-23,tablet,United States
783,Chelsea Nguyen,chelsea.nguyen.783@example.com,2023-12-17,smart_tv,India
784,Dennis Huffman,dennis.huffman.784@example.com,2023-12-01,tablet,Canada
785,Margaret Harper,margaret.harper.785@example.com,2024-01-22,mobile,India
786,Laurie Bailey,laurie.bailey.786@example.com,2023-12-19,smart_tv,India
787,Lisa Cervantes,lisa.cervantes.787@example.com,2025-10-03,mobile,Canada
788,Elizabeth Mendez,elizabeth.mendez.788@example.com,2023-12-30,smart_tv,Australia
789,Cesar Wilson,cesar.wilson.789@example.com,2024-07-11,tablet,United States
790,Clayton Steele,clayton.steele.790@example.com,2024-04-06,desktop,Canada
791,Jennifer Taylor,jennifer.taylor.791@example.com,2025-06-26,desktop,India
792,Cody Reid,cody.reid.792@example.com,2025-07-19,desktop,Canada
793,Maria Cooke,maria.cooke.793@example.com,2024-09-19,tablet,India
794,Katherine Taylor,katherine.taylor.794@example.com,2024-06-28,smart_tv,United Kingdom
795,Jerry Brown,jerry.brown.795@example.com,2024-08-22,mobile,India
796,Adam Taylor,adam.taylor.796@example.com,2025-07-12,tablet,Australia
797,Tracey Wagner,tracey.wagner.797@example.com,2025-06-06,smart_tv,United States
798,Michael Perry PhD,michael.perry.phd.798@example.com,2024-11-01,smart_tv,India
799,Bradley Johnson DDS,bradley.johnson.dds.799@example.com,2024-10-06,smart_tv,Australia
800,Donald Medina,donald.medina.800@example.com,2024-04-15,desktop,Australia
801,Jim Newton,jim.newton.801@example.com,2024-05-21,smart_tv,Canada
802,Krista Wilson,krista.wilson.802@example.com,2024-07-02,desktop,Canada
803,Reginald Morrow,reginald.morrow.803@example.com,2025-03-03,mobile,India
804,Rodney Williams,rodney.williams.804@example.com,2025-01-10,smart_tv,India
805,Kimberly Fritz,kimberly.fritz.805@example.com,2025-05-10,tablet,Australia
806,Ronald Potter,ronald.potter.806@example.com,2024-07-20,desktop,Canada
807,Zachary Cole,zachary.cole.807@example.com,2024-10-18,mobile,Australia
808,Robert Gonzales,robert.gonzales.808@example.com,2024-11-28,mobile,India
809,Patricia Young PhD,patricia.young.phd.809@example.com,2024-05-28,mobile,United Kingdom
810,Heather Page,heather.page.810@example.com,2024-12-05,mobile,United States
811,Carol Taylor,carol.taylor.811@example.com,2024-05-25,tablet,Australia
812,Daniel Brown,daniel.brown.812@example.com,2024-06-15,desktop,United Kingdom
813,Douglas Ryan,douglas.ryan.813@example.com,2023-11-30,tablet,Canada
814,Michael Roberts,michael.roberts.814@example.com,2024-03-14,smart_tv,Canada
815,Scott Duke,scott.duke.815@example.com,2025-10-27,tablet,Australia
816,Anna Estes,anna.estes.816@example.com,2024-07-17,desktop,United Kingdom
817,Tamara Riddle,tamara.riddle.817@example.com,2024-12-08,smart_tv,India
818,Beth Cline,beth.cline.818@example.com,2025-09-09,desktop,United Kingdom
819,Michael Poole,michael.poole.819@example.com,2024-08-08,desktop,India
820,Megan Burns,megan.burns.820@example.com,2025-04-07,smart_tv,United States
821,Debra Perry,debra.perry.821@example.com,2025-03-09,desktop,Canada
822,Mark Beard,mark.beard.822@example.com,2024-11-28,desktop,Australia
823,Jose Ramirez,jose.ramirez.823@example.com,2023-12-31,tablet,Canada
824,Jackie Clements,jackie.clements.824@example.com,2023-12-01,desktop,India
825,Aaron Schroeder,aaron.schroeder.825@example.com,2025-07-05,smart_tv,United Kingdom
826,Monica Ellis,monica.ellis.826@example.com,2024-04-19,tablet,United Kingdom
827,Heather Brown,heather.brown.827@example.com,2024-07-07,smart_tv,India
828,Claudia Jordan,claudia.jordan.828@example.com,2024-07-23,smart_tv,India
829,Derrick Clayton,derrick.clayton.829@example.com,2025-09-15,desktop,United Kingdom
830,Kenneth Knight,kenneth.knight.830@example.com,2025-03-29,smart_tv,Australia
831,Mr. Michael Williams,mr..michael.williams.831@example.com,2024-05-05,desktop,Canada
832,Richard Stevens,richard.stevens.832@example.com,2024-04-06,smart_tv,Canada
833,Scott Alexander,scott.alexander.833@example.com,2025-05-23,mobile,India
834,Tyler Harris,tyler.harris.834@example.com,2023-12-19,mobile,United States
835,Bonnie Santos,bonnie.santos.835@example.com,2023-11-21,smart_tv,Canada
836,Timothy Hill,timothy.hill.836@example.com,2025-08-21,tablet,United States
837,Danielle Watson,danielle.watson.837@example.com,2025-11-08,tablet,United States
838,Carol Sanders,carol.sanders.838@example.com,2024-06-25,smart_tv,United Kingdom
839,Michael Young,michael.young.839@example.com,2024-01-15,smart_tv,Australia
840,Michele Smith,michele.smith.840@example.com,2023-12-01,mobile,India
841,Casey Perez,casey.perez.841@example.com,2025-06-01,smart_tv,United States
842,Alexandra Dominguez,alexandra.dominguez.842@example.com,2023-12-02,desktop,India
843,Virginia Henderson,virginia.henderson.843@example.com,2024-09-03,mobile,India
844,Benjamin Reyes,benjamin.reyes.844@example.com,2025-10-29,smart_tv,Canada
845,Ashley Edwards,ashley.edwards.845@example.com,2024-03-03,mobile,India
846,Breanna Ayala,breanna.ayala.846@example.com,2024-04-15,tablet,Canada
847,Brandi Haney,brandi.haney.847@example.com,2025-08-10,desktop,United Kingdom
848,Joseph Smith,joseph.smith.848@example.com,2024-08-14,smart_tv,United States
849,Jessica Bowen,jessica.bowen.849@example.com,2024-12-01,smart_tv,Australia
850,Brittany Jenkins,brittany.jenkins.850@example.com,2025-06-15,tablet,Canada
851,Shannon Miller,shannon.miller.851@example.com,2024-09-17,mobile,United States
852,Paul Lawrence,paul.lawrence.852@example.com,2024-02-18,smart_tv,Australia
853,Victor Edwards,victor.edwards.853@example.com,2024-12-05,smart_tv,United States
854,Donald Miller,donald.miller.854@example.com,2025-08-28,mobile,Canada
855,Lindsay Lawson,lindsay.lawson.855@example.com,2024-02-07,smart_tv,Australia
856,Melissa Abbott,melissa.abbott.856@example.com,2025-09-05,desktop,India
857,Elizabeth Holmes,elizabeth.holmes.857@example.com,2024-02-20,mobile,Canada
858,Nicole Phillips,nicole.phillips.858@example.com,2024-06-18,smart_tv,United Kingdom
859,Steven Blevins,steven.blevins.859@example.com,2024-01-01,mobile,United Kingdom
860,Brian Porter MD,brian.porter.md.860@example.com,2025-05-24,mobile,Canada
861,Vanessa Hatfield,vanessa.hatfield.861@example.com,2024-10-02,mobile,Canada
862,Bonnie Valencia,bonnie.valencia.862@example.com,2025-07-08,tablet,Australia
863,Holly Vega,holly.vega.863@example.com,2024-02-01,desktop,Canada
864,Tiffany Townsend,tiffany.townsend.864@example.com,2025-06-14,tablet,India
865,Austin Baker,austin.baker.865@example.com,2024-12-17,desktop,Australia
866,Antonio Mccormick,antonio.mccormick.866@example.com,2024-04-06,mobile,India
867,Lori Mason,lori.mason.867@example.com,2024-11-03,mobile,United States
868,Michael Miller,michael.miller.868@example.com,2025-02-04,tablet,United States
869,Lisa Ramirez,lisa.ramirez.869@example.com,2024-10-28,smart_tv,United Kingdom
870,Jorge Harris,jorge.harris.870@example.com,2023-12-15,desktop,Australia
871,Kimberly Myers,kimberly.myers.871@example.com,2025-03-31,tablet,United Kingdom
872,Sandra Becker,sandra.becker.872@example.com,2025-06-03,smart_tv,Australia
873,Michael Blair,michael.blair.873@example.com,2024-05-23,smart_tv,United States
874,Amy Miller,amy.miller.874@example.com,2025-08-09,desktop,Canada
875,Jesse Lynch,jesse.lynch.875@example.com,2025-11-14,mobile,United States
876,Patrick Yang,patrick.yang.876@example.com,2024-08-15,tablet,Australia
877,Michael Miles,michael.miles.877@example.com,2025-11-12,tablet,Australia
878,Troy Mills,troy.mills.878@example.com,2024-10-04,desktop,United States
879,Michelle Jackson,michelle.jackson.879@example.com,2024-02-16,mobile,United Kingdom
880,Richard Adams,richard.adams.880@example.com,2025-02-12,desktop,United Kingdom
881,Patricia Johnson,patricia.johnson.881@example.com,2024-02-27,tablet,United States
882,Denise Brown,denise.brown.882@example.com,2024-05-24,smart_tv,Australia
883,Laura Jones,laura.jones.883@example.com,2025-06-07,smart_tv,United States
884,Ian Porter,ian.porter.884@example.com,2023-12-11,mobile,United Kingdom
885,Holly Scott,holly.scott.885@example.com,2025-06-04,mobile,India
886,Kenneth Sharp,kenneth.sharp.886@example.com,2025-07-19,desktop,Australia
887,Jordan Williams,jordan.williams.887@example.com,2023-11-27,desktop,Australia
888,Dana Ruiz,dana.ruiz.888@example.com,2024-12-16,mobile,India
889,Chris Velazquez,chris.velazquez.889@example.com,2024-07-20,tablet,Australia
890,Kristen Sloan,kristen.sloan.890@example.com,2024-05-06,tablet,United Kingdom
891,Jennifer Morris,jennifer.morris.891@example.com,2024-09-18,desktop,Australia
892,Nathan Nelson,nathan.nelson.892@example.com,2024-04-12,mobile,Canada
893,Jake Shaw,jake.shaw.893@example.com,2025-02-02,desktop,Australia
894,Cassie Brock,cassie.brock.894@example.com,2024-09-16,smart_tv,United States
895,Dr. Andrea Marshall,dr..andrea.marshall.895@example.com,2024-11-18,desktop,Canada
896,Ryan Murphy,ryan.murphy.896@example.com,2025-08-16,smart_tv,India
897,Aimee Gonzalez,aimee.gonzalez.897@example.com,2025-08-07,tablet,Australia
898,Elizabeth Dean,elizabeth.dean.898@example.com,2024-03-03,tablet,United Kingdom
899,Kevin Snyder,kevin.snyder.899@example.com,2023-11-21,smart_tv,United Kingdom
900,Christie Mccullough,christie.mccullough.900@example.com,2025-08-11,smart_tv,United Kingdom
901,Danielle Smith,danielle.smith.901@example.com,2025-02-07,desktop,Australia
902,David Reed,david.reed.902@example.com,2025-09-11,tablet,United Kingdom
903,Sherry Tapia,sherry.tapia.903@example.com,2024-10-08,tablet,Australia
904,Matthew Sweeney,matthew.sweeney.904@example.com,2024-10-01,tablet,Australia
905,Ashley Moreno,ashley.moreno.905@example.com,2024-10-06,desktop,Australia
906,Johnathan Brown,johnathan.brown.906@example.com,2025-06-26,tablet,United Kingdom
907,Michelle Davis DVM,michelle.davis.dvm.907@example.com,2024-12-04,desktop,Australia
908,Kelly Haynes,kelly.haynes.908@example.com,2024-11-22,mobile,India
909,William Miller,william.miller.909@example.com,2024-06-06,tablet,India
910,Casey Wilkins,casey.wilkins.910@example.com,2023-12-12,smart_tv,Canada
911,Keith Graham,keith.graham.911@example.com,2025-02-05,desktop,United States
912,Cynthia Green,cynthia.green.912@example.com,2025-01-06,smart_tv,Canada
913,Robert Haynes,robert.haynes.913@example.com,2025-08-24,desktop,Canada
914,Emily Nelson,emily.nelson.914@example.com,2024-07-30,tablet,Australia
915,Dale Chan,dale.chan.915@example.com,2024-12-05,mobile,Australia
916,Brittney Martin,brittney.martin.916@example.com,2025-07-19,smart_tv,India
917,Jason Herrera,jason.herrera.917@example.com,2024-12-29,smart_tv,India
918,Christine Parker,christine.parker.918@example.com,2023-12-22,desktop,India
919,Bryan Moore,bryan.moore.919@example.com,2025-07-15,mobile,United States
920,Samantha Terry,samantha.terry.920@example.com,2024-07-26,desktop,Canada
921,Russell Murphy,russell.murphy.921@example.com,2025-09-07,mobile,India
922,David Kelly,david.kelly.922@example.com,2025-09-05,smart_tv,United Kingdom
923,Megan Green,megan.green.923@example.com,2025-01-28,mobile,United States
924,Amanda Sullivan MD,amanda.sullivan.md.924@example.com,2024-02-23,desktop,Canada
925,Danielle Murray,danielle.murray.925@example.com,2025-04-20,tablet,Australia
926,Brenda Smith,brenda.smith.926@example.com,2024-12-02,smart_tv,Australia
927,Vickie Anderson,vickie.anderson.927@example.com,2025-10-10,tablet,United Kingdom
928,Jacqueline Mccoy,jacqueline.mccoy.928@example.com,2023-12-10,smart_tv,United States
929,Lauren Green,lauren.green.929@example.com,2024-09-12,smart_tv,United States
930,Alison Brown,alison.brown.930@example.com,2024-03-12,tablet,United Kingdom
931,Jill Anderson,jill.anderson.931@example.com,2024-09-29,desktop,Australia
932,Sandra Rivera,sandra.rivera.932@example.com,2024-06-13,smart_tv,United Kingdom
933,Joel Jackson,joel.jackson.933@example.com,2025-03-16,mobile,Australia
934,Samantha Foster,samantha.foster.934@example.com,2025-10-28,smart_tv,United Kingdom
935,Michael Thompson,michael.thompson.935@example.com,2024-01-22,desktop,United States
936,Cody Ramirez,cody.ramirez.936@example.com,2025-11-11,mobile,United States
937,Amanda Harvey,amanda.harvey.937@example.com,2024-10-31,mobile,Canada
938,Edward Jenkins,edward.jenkins.938@example.com,2024-07-21,tablet,India
939,Amy Ramirez,amy.ramirez.939@example.com,2024-04-26,desktop,India
940,Curtis Wilkerson,curtis.wilkerson.940@example.com,2025-01-24,smart_tv,Canada
941,Lydia Pham,lydia.pham.941@example.com,2025-01-02,tablet,Canada
942,Virginia Casey,virginia.casey.942@example.com,2025-08-31,smart_tv,Australia
943,Joshua Washington,joshua.washington.943@example.com,2023-12-14,tablet,Australia
944,Kathryn Price,kathryn.price.944@example.com,2025-07-13,smart_tv,Australia
945,Francis Robinson,francis.robinson.945@example.com,2023-11-19,tablet,Canada
946,Paula Brown,paula.brown.946@example.com,2024-08-26,mobile,India
947,Kendra Wang DVM,kendra.wang.dvm.947@example.com,2024-02-27,tablet,United Kingdom
948,Ariel Sandoval,ariel.sandoval.948@example.com,2024-10-13,tablet,Australia
949,Robert Stark,robert.stark.949@example.com,2024-03-10,desktop,Australia
950,Zachary Robinson,zachary.robinson.950@example.com,2025-05-08,desktop,India
951,Rebecca Kelly,rebecca.kelly.951@example.com,2024-12-16,smart_tv,India
952,Sarah Thompson,sarah.thompson.952@example.com,2024-03-10,desktop,United Kingdom
953,Renee Wolfe,renee.wolfe.953@example.com,2025-02-25,tablet,United Kingdom
954,Alyssa Haynes,alyssa.haynes.954@example.com,2025-08-05,mobile,Canada
955,Kristy Hart,kristy.hart.955@example.com,2024-09-30,mobile,Canada
956,William Keith,william.keith.956@example.com,2024-09-22,mobile,Canada
957,Eric Henry Jr.,eric.henry.jr..957@example.com,2024-12-01,tablet,India
958,Daniel Fox,daniel.fox.958@example.com,2024-12-16,smart_tv,India
959,Thomas Harris,thomas.harris.959@example.com,2024-04-04,smart_tv,Australia
960,Mitchell Sellers,mitchell.sellers.960@example.com,2024-05-23,smart_tv,India
961,Erica Johnson,erica.johnson.961@example.com,2025-10-25,tablet,India
962,Sylvia Schroeder,sylvia.schroeder.962@example.com,2024-05-03,smart_tv,United Kingdom
963,Shannon Yu,shannon.yu.963@example.com,2024-04-06,tablet,United Kingdom
964,Tom Foster,tom.foster.964@example.com,2025-02-18,mobile,United Kingdom
965,Eric Taylor,eric.taylor.965@example.com,2023-11-24,smart_tv,Canada
966,Travis Conner,travis.conner.966@example.com,2024-06-01,smart_tv,India
967,Marie Thompson,marie.thompson.967@example.com,2025-04-15,smart_tv,Australia
968,Melissa Mcfarland,melissa.mcfarland.968@example.com,2025-10-16,smart_tv,Australia
969,Courtney Chapman,courtney.chapman.969@example.com,2025-11-11,smart_tv,Australia
970,Eric Barker,eric.barker.970@example.com,2024-05-04,mobile,India
971,Nicholas Rush,nicholas.rush.971@example.com,2023-12-16,tablet,United Kingdom
972,Jenna Gamble,jenna.gamble.972@example.com,2023-12-18,desktop,Canada
973,Amanda Guzman,amanda.guzman.973@example.com,2025-05-18,desktop,Canada
974,Tracy Walker,tracy.walker.974@example.com,2025-02-25,smart_tv,India
975,Taylor Taylor,taylor.taylor.975@example.com,2025-04-21,mobile,India
976,Cynthia Haas,cynthia.haas.976@example.com,2024-03-10,desktop,India
977,Stephen Davis,stephen.davis.977@example.com,2024-11-24,mobile,Australia
978,Margaret Tanner,margaret.tanner.978@example.com,2025-05-27,tablet,Australia
979,Derek Wright,derek.wright.979@example.com,2024-02-27,tablet,United Kingdom
980,David Rodriguez,david.rodriguez.980@example.com,2023-12-18,smart_tv,United Kingdom
981,James Oconnor,james.oconnor.981@example.com,2024-11-05,mobile,Australia
982,Stacey Snyder,stacey.snyder.982@example.com,2024-03-14,tablet,Canada
983,Joshua Garcia,joshua.garcia.983@example.com,2025-07-09,desktop,India
984,Sean Curtis,sean.curtis.984@example.com,2025-08-23,smart_tv,Canada
985,Carla Jones,carla.jones.985@example.com,2025-08-06,tablet,Canada
986,Elizabeth Flores,elizabeth.flores.986@example.com,2024-06-13,mobile,India
987,Angela Jackson,angela.jackson.987@example.com,2024-11-08,desktop,India
988,Nicholas Payne,nicholas.payne.988@example.com,2025-05-19,tablet,United Kingdom
989,Anna Wheeler,anna.wheeler.989@example.com,2025-11-04,desktop,United Kingdom
990,Karen Johnson,karen.johnson.990@example.com,2025-06-23,desktop,India
991,Carmen Preston,carmen.preston.991@example.com,2025-10-10,mobile,Canada
992,Brian Harris,brian.harris.992@example.com,2025-01-09,mobile,United Kingdom
993,Michael Bowen,michael.bowen.993@example.com,2025-09-16,tablet,Canada
994,Deborah Campbell,deborah.campbell.994@example.com,2024-07-27,tablet,United Kingdom
995,Anthony Armstrong,anthony.armstrong.995@example.com,2024-07-25,smart_tv,Australia
996,Brittany Ward,brittany.ward.996@example.com,2024-04-08,desktop,Australia
997,Edward Stanley,edward.stanley.997@example.com,2024-12-03,smart_tv,United States
998,Christina Johnson,christina.johnson.998@example.com,2025-08-24,mobile,Australia
999,Edgar Miller,edgar.miller.999@example.com,2025-04-25,desktop,United Kingdom
1000,Elizabeth Sanders,elizabeth.sanders.1000@example.com,2025-02-22,smart_tv,United Kingdom
